Country,ISO3,Military_Change_%,Investment_Direction,GPI_Change,Peace_Outcome,Terrorism_Fatalities_Per_Million_Change,Terrorism_Outcome,Security_Profile,Military_Expenditure_USD_Millions_2020,GPI_Score_2020,Terrorism_Fatalities_Per_Million_2020,Military_Expenditure_USD_Millions_2025,GPI_Score_2025,Terrorism_Fatalities_Per_Million_2025
Albania,ALB,112.46416759694245,Significant Increase,0.02299999999999991,Deteriorated,0.0,Stable,Deteriorated Peace / Stable Terrorism,267.3880951043532,1.731,0.0,568.1038905167849,1.754,0.0
Algeria,DZA,97.41674689086351,Significant Increase,-0.18999999999999972,Improved,-0.06811665685900335,Improved,Improved Peace / Improved Terrorism,12222.08513672233,2.159,0.06811665685900335,24128.44287914897,1.969,0.0
Angola,AGO,-13.905900387949863,Significant Decrease,0.06899999999999995,Deteriorated,0.0,Stable,Deteriorated Peace / Stable Terrorism,1467.441470007033,1.911,0.0,1263.380520936388,1.98,0.0
Argentina,ARG,-10.611160668369973,Significant Decrease,-0.11299999999999999,Improved,0.0,Stable,Improved Peace / Stable Terrorism,4173.949332546164,1.924,0.0,3731.044862653335,1.811,0.0
Armenia,ARM,76.23304051959514,Significant Increase,0.01100000000000012,Deteriorated,0.0,Stable,Deteriorated Peace / Stable Terrorism,933.8812143225218,1.89,0.0,1645.807258841897,1.901,0.0
Australia,AUS,12.780429549116304,Significant Increase,0.04200000000000004,Deteriorated,0.4652196428784004,Deteriorated,Deteriorated Peace / Deteriorated Terrorism,31267.50240244388,1.562,0.07797499560221026,35263.62351875647,1.604,0.5431946384806107
Austria,AUT,30.3921580367226,Significant Increase,0.010999999999999899,Deteriorated,-0.33998890929775644,Improved,Deteriorated Peace / Improved Terrorism,4511.916388820966,1.366,0.4485882032068673,5883.185148196221,1.377,0.10859929390911087
Azerbaijan,AZE,54.65810929948313,Significant Increase,0.03799999999999981,Deteriorated,0.0,Stable,Deteriorated Peace / Stable Terrorism,3021.283655356692,2.035,0.0,4672.660177948972,2.073,0.0
Bahrain,BHR,0.1685386576900193,Relatively Stable,-0.06000000000000005,Improved,0.0,Stable,Improved Peace / Stable Terrorism,1461.290631756814,2.174,0.0,1463.753471372527,2.114,0.0
Bangladesh,BGD,-22.188656549827755,Significant Decrease,0.19799999999999995,Deteriorated,-0.006013300554912186,Improved,Deteriorated Peace / Improved Terrorism,4709.95705576624,2.045,0.006013300554912186,3664.88086101789,2.243,0.0
Belarus,BLR,101.59678965185357,Significant Increase,0.2360000000000002,Deteriorated,0.0,Stable,Deteriorated Peace / Stable Terrorism,906.5847148174508,1.96,0.0,1827.645680546393,2.196,0.0
Belgium,BEL,123.43654423465433,Significant Increase,-0.10999999999999988,Improved,0.0,Stable,Improved Peace / Stable Terrorism,6083.908813417305,1.644,0.0,13593.67560708719,1.534,0.0
Benin,BEN,178.93629210455302,Significant Increase,0.07499999999999973,Deteriorated,6.547656816380752,Deteriorated,Deteriorated Peace / Deteriorated Terrorism,73.0420602647881,2.181,0.0,203.740814579373,2.256,6.547656816380752
Bolivia,BOL,1.908063652651911,Relatively Stable,-0.0129999999999999,Improved,0.0,Stable,Improved Peace / Stable Terrorism,559.0340803117545,2.034,0.0,569.7008064041199,2.021,0.0
Bosnia and Herzegovina,BIH,7.020235203078958,Relatively Stable,0.008000000000000007,Deteriorated,0.0,Stable,Deteriorated Peace / Stable Terrorism,199.4229599263048,1.822,0.0,213.4229207620733,1.83,0.0
Botswana,BWA,9.341395934661595,Relatively Stable,-0.014000000000000012,Improved,0.0,Stable,Improved Peace / Stable Terrorism,544.0392260588861,1.792,0.0,594.8600842049153,1.778,0.0
Brazil,BRA,-2.3264587469356335,Relatively Stable,-0.03699999999999992,Improved,0.0,Stable,Improved Peace / Stable Terrorism,24202.75200862208,2.378,0.0,23639.68496751835,2.341,0.0
Bulgaria,BGR,68.90465749918768,Significant Increase,-0.016000000000000014,Improved,0.0,Stable,Improved Peace / Stable Terrorism,1418.537043829857,1.605,0.0,2395.975135379922,1.589,0.0
Burkina Faso,BFA,87.0122546423528,Significant Increase,0.484,Deteriorated,4.1333223199907785,Deteriorated,Deteriorated Peace / Deteriorated Terrorism,451.3213694971304,2.433,31.00747764412075,844.0262687793274,2.917,35.14079996411153
Burundi,BDI,92.28084571311342,Significant Increase,0.18999999999999995,Deteriorated,0.0,Stable,Deteriorated Peace / Stable Terrorism,88.03816509989834,2.332,0.0,169.2805284043916,2.522,0.0
Cambodia,KHM,3.020838996359991,Relatively Stable,0.030999999999999917,Deteriorated,0.0,Stable,Deteriorated Peace / Stable Terrorism,695.2935103288062,1.943,0.0,716.297207827979,1.974,0.0
Cameroon,CMR,27.469664612921402,Significant Increase,0.07299999999999995,Deteriorated,-5.758965754326792,Improved,Deteriorated Peace / Improved Terrorism,455.2930621106098,2.622,8.469869279394969,580.3605392782943,2.695,2.7109035250681766
Canada,CAN,39.10306842698822,Significant Increase,0.016999999999999904,Deteriorated,-0.07888791599636043,Improved,Deteriorated Peace / Improved Terrorism,26979.46061698231,1.51,0.07888791599636043,37529.25756327324,1.527,0.0
Central African Republic,CAF,40.51624794411977,Significant Increase,-0.019000000000000128,Improved,0.0,Stable,Improved Peace / Stable Terrorism,48.41750165947436,2.895,0.0,68.0344566801753,2.876,0.0
Chad,TCD,54.10986161734258,Significant Increase,0.0860000000000003,Deteriorated,-8.302041506840272,Improved,Deteriorated Peace / Improved Terrorism,388.2405659649071,2.517,8.302041506840272,598.3169989509059,2.603,0.0
Chile,CHL,-10.692512204918579,Significant Decrease,0.04300000000000015,Deteriorated,-0.3097473782981901,Improved,Deteriorated Peace / Improved Terrorism,5768.676145092085,1.797,0.3097473782981901,5151.859744215887,1.84,0.0
China,CHN,30.920149375098156,Significant Increase,0.17500000000000004,Deteriorated,0.0,Stable,Deteriorated Peace / Stable Terrorism,255894.6189236238,1.938,0.0,335017.6173376465,2.113,0.0
Colombia,COL,16.819316870308374,Significant Increase,0.014000000000000234,Deteriorated,0.9056727826422861,Deteriorated,Deteriorated Peace / Deteriorated Terrorism,11764.75228591909,2.598,3.0811773502573976,13743.50325189467,2.612,3.9868501328996837
"Congo, DR",COD,171.1875044897983,Significant Increase,0.32499999999999973,Deteriorated,3.1387752180331203,Deteriorated,Deteriorated Peace / Deteriorated Terrorism,399.0389929372398,2.962,1.0001041983561663,1082.143886887723,3.287,4.138879416389287
"Congo, Republic",COG,-40.56578101701251,Significant Decrease,-0.09899999999999975,Improved,0.0,Stable,Improved Peace / Stable Terrorism,319.1497322377834,2.19,0.0,189.6841507418224,2.091,0.0
Costa Rica,CRI,,Relatively Stable,0.04899999999999993,Deteriorated,0.0,Stable,Deteriorated Peace / Stable Terrorism,0.0,1.741,0.0,0.0,1.79,0.0
Cote d'Ivoire,CIV,5.736941048852873,Relatively Stable,-0.04500000000000015,Improved,-0.38041947749108096,Improved,Improved Peace / Improved Terrorism,681.9646936818096,2.007,0.38041947749108096,721.0886061323251,1.962,0.0
Croatia,HRV,64.12249219250658,Significant Increase,0.015000000000000124,Deteriorated,0.0,Stable,Deteriorated Peace / Stable Terrorism,1176.049289945844,1.591,0.0,1930.161404071397,1.606,0.0
Cyprus,CYP,17.60759416573085,Significant Increase,0.06899999999999995,Deteriorated,0.0,Stable,Deteriorated Peace / Stable Terrorism,536.9678998054437,1.825,0.0,631.5150284034345,1.894,0.0
Czechia,CZE,49.62091737053464,Significant Increase,0.06000000000000005,Deteriorated,0.0,Stable,Deteriorated Peace / Stable Terrorism,4336.460606786636,1.45,0.0,6488.252141286018,1.51,0.0
Denmark,DNK,164.27879252907476,Significant Increase,0.08799999999999986,Deteriorated,0.0,Stable,Deteriorated Peace / Stable Terrorism,5328.826357001751,1.368,0.0,14082.95795225531,1.456,0.0
Dominican Republic,DOM,45.515149762590305,Significant Increase,-0.01200000000000001,Improved,0.0,Stable,Improved Peace / Stable Terrorism,711.8284215777496,1.959,0.0,1035.818193711545,1.947,0.0
Ecuador,ECU,6.831755946270918,Relatively Stable,0.40000000000000036,Deteriorated,0.6014249616290874,Deteriorated,Deteriorated Peace / Deteriorated Terrorism,2533.922432312117,2.046,0.0,2707.033828755493,2.446,0.6014249616290874
Egypt,EGY,-30.20643908030537,Significant Decrease,-0.31000000000000005,Improved,-1.088595938472338,Improved,Improved Peace / Improved Terrorism,3237.041027076844,2.496,1.088595938472338,2259.246201228386,2.186,0.0
El Salvador,SLV,22.055421132633672,Significant Increase,0.08899999999999997,Deteriorated,0.0,Stable,Deteriorated Peace / Stable Terrorism,400.2566795502427,2.188,0.0,488.5349758365448,2.277,0.0
Equatorial Guinea,GNQ,-34.12785085507038,Significant Decrease,0.04600000000000004,Deteriorated,0.0,Stable,Deteriorated Peace / Stable Terrorism,170.7858448829728,1.788,0.0,112.50030645974,1.834,0.0
Estonia,EST,49.45944209206692,Significant Increase,-0.040000000000000036,Improved,0.0,Stable,Improved Peace / Stable Terrorism,962.848459363739,1.611,0.0,1439.067935557106,1.571,0.0
Eswatini,SWZ,7.535287658862905,Relatively Stable,0.16900000000000026,Deteriorated,0.0,Stable,Deteriorated Peace / Stable Terrorism,81.9379152575612,1.954,0.0,88.11217287389375,2.123,0.0
Ethiopia,ETH,53.89507524092172,Significant Increase,0.24700000000000033,Deteriorated,0.0,Stable,Deteriorated Peace / Stable Terrorism,510.3762335580914,2.421,0.0,785.4438886460072,2.668,0.0
Finland,FIN,75.44343008757967,Significant Increase,0.03499999999999992,Deteriorated,0.0,Stable,Deteriorated Peace / Stable Terrorism,4339.932712964029,1.445,0.0,7614.126815117045,1.48,0.0
France,FRA,11.157876571151345,Significant Increase,-0.019000000000000128,Improved,-0.04534166332715669,Improved,Improved Peace / Improved Terrorism,58039.15168387494,2.092,0.10354859557779451,64515.08859170501,2.073,0.058206932250637826
Gabon,GAB,21.96444715909594,Significant Increase,0.053999999999999826,Deteriorated,0.0,Stable,Deteriorated Peace / Stable Terrorism,276.2331788415995,2.164,0.0,336.9062694441536,2.218,0.0
"Gambia, The",GMB,-16.734963123379636,Significant Decrease,-0.2140000000000002,Improved,0.0,Stable,Improved Peace / Stable Terrorism,17.59895143846412,2.055,0.0,14.65377340513566,1.841,0.0
Georgia,GEO,53.40410872486005,Significant Increase,0.08499999999999974,Deteriorated,0.0,Stable,Deteriorated Peace / Stable Terrorism,415.3803007400626,1.961,0.0,637.2104481689363,2.046,0.0
Germany,DEU,76.64683891389859,Significant Increase,-0.028999999999999915,Improved,-0.06040992794278177,Improved,Improved Peace / Improved Terrorism,60418.43086247143,1.621,0.13227374686828378,106727.2482399351,1.592,0.071863818925502
Ghana,GHA,62.154368588213316,Significant Increase,0.07400000000000007,Deteriorated,0.0,Stable,Deteriorated Peace / Stable Terrorism,237.5260140360066,1.835,0.0,385.1588082928374,1.909,0.0
Greece,GRC,20.692469801471525,Significant Increase,0.006000000000000005,Deteriorated,0.0,Stable,Deteriorated Peace / Stable Terrorism,6467.879453239349,1.812,0.0,7806.243455896482,1.818,0.0
Guatemala,GTM,48.4324292937694,Significant Increase,-0.050000000000000044,Improved,0.0,Stable,Improved Peace / Stable Terrorism,415.3173428907692,2.008,0.0,616.4656213311029,1.958,0.0
Guinea,GIN,74.66884220301816,Significant Increase,0.16199999999999992,Deteriorated,0.0,Stable,Deteriorated Peace / Stable Terrorism,335.5829498747118,2.057,0.0,586.1588531768939,2.219,0.0
Guinea-Bissau,GNB,-26.065369767593626,Significant Decrease,0.09699999999999975,Deteriorated,0.0,Stable,Deteriorated Peace / Stable Terrorism,28.43426921016201,1.937,0.0,21.02277179982026,2.034,0.0
Guyana,GUY,165.04523600634283,Significant Increase,0.10899999999999976,Deteriorated,0.0,Stable,Deteriorated Peace / Stable Terrorism,90.49621550313425,1.913,0.0,239.8559079570908,2.022,0.0
Haiti,HTI,-1.356270477015352,Relatively Stable,0.6159999999999997,Deteriorated,0.0,Stable,Deteriorated Peace / Stable Terrorism,30.83367912080837,2.059,0.0,30.4154910339152,2.675,0.0
Honduras,HND,34.74219597716364,Significant Increase,-0.09200000000000008,Improved,0.0,Stable,Improved Peace / Stable Terrorism,431.7856174784199,2.21,0.0,581.7974229039787,2.118,0.0
Hungary,HUN,35.49941154385217,Significant Increase,-0.020999999999999908,Improved,0.0,Stable,Improved Peace / Stable Terrorism,3410.329672206024,1.547,0.0,4620.976637544545,1.526,0.0
Iceland,ISL,,Relatively Stable,-0.010000000000000009,Improved,0.0,Stable,Improved Peace / Stable Terrorism,0.0,1.195,0.0,0.0,1.185,0.0
India,IND,16.263553609754926,Significant Increase,-0.23100000000000032,Improved,-0.05431556976237398,Improved,Improved Peace / Improved Terrorism,80209.72591691159,2.571,0.12262785548274437,93254.677691646,2.34,0.06831228572037039
Indonesia,IDN,58.395207406707996,Significant Increase,0.0040000000000000036,Deteriorated,0.03669338326609974,Deteriorated,Deteriorated Peace / Deteriorated Terrorism,9678.012538730474,1.868,0.04730457339960641,15329.50803356934,1.872,0.08399795666570616
Iran,IRN,13.952740704829964,Significant Increase,-0.05900000000000016,Improved,-0.018926735313825382,Improved,Improved Peace / Improved Terrorism,6538.194436209043,2.712,0.15959245922438314,7450.45175267091,2.653,0.14066572391055776
Iraq,IRQ,20.639120699258363,Significant Increase,-0.32699999999999996,Improved,-10.910696377544586,Improved,Improved Peace / Improved Terrorism,5303.891751445527,2.996,11.017032355765616,6398.568371784378,2.669,0.10633597822103055
Ireland,IRL,12.454399818179345,Significant Increase,-0.06699999999999995,Improved,0.0,Stable,Improved Peace / Stable Terrorism,1301.702695037621,1.423,0.0,1463.821953121622,1.356,0.0
Israel,ISR,95.9619609418707,Significant Increase,0.5710000000000002,Deteriorated,0.3854169426693302,Deteriorated,Deteriorated Peace / Deteriorated Terrorism,22281.72884444056,2.638,0.10851754186064178,43663.71277531615,3.209,0.49393448452997196
Italy,ITA,28.62059319682598,Significant Increase,0.018000000000000016,Deteriorated,0.0,Stable,Deteriorated Peace / Stable Terrorism,35328.84641790258,1.693,0.0,45440.17183230191,1.711,0.0
Jamaica,JAM,3.8417184546184924,Relatively Stable,0.01200000000000001,Deteriorated,0.0,Stable,Deteriorated Peace / Stable Terrorism,269.4910926475998,1.877,0.0,279.8441816873957,1.889,0.0
Japan,JPN,51.274816269889136,Significant Increase,0.04599999999999982,Deteriorated,0.0,Stable,Deteriorated Peace / Stable Terrorism,39327.85453566151,1.465,0.0,59493.13969171121,1.511,0.0
Jordan,JOR,11.05919228743047,Significant Increase,-0.039000000000000146,Improved,0.0,Stable,Improved Peace / Stable Terrorism,2251.495114014965,1.971,0.0,2500.492288015982,1.932,0.0
Kazakhstan,KAZ,-38.47073668287441,Significant Decrease,-0.07600000000000007,Improved,0.0,Stable,Improved Peace / Stable Terrorism,2123.067606766004,1.867,0.0,1306.307858167651,1.791,0.0
Kenya,KEN,19.69227030125378,Significant Increase,0.0950000000000002,Deteriorated,-0.46377795140812506,Improved,Deteriorated Peace / Improved Terrorism,1132.232083772953,2.385,0.8809335229561892,1355.194286147041,2.48,0.41715557154806415
"Korea, South",KOR,7.20911878569876,Relatively Stable,0.06199999999999983,Deteriorated,0.0,Stable,Deteriorated Peace / Stable Terrorism,45563.29257418769,1.741,0.0,48848.00445853634,1.803,0.0
Kuwait,KWT,-0.6197783368386558,Relatively Stable,0.017000000000000126,Deteriorated,0.0,Stable,Deteriorated Peace / Stable Terrorism,7968.573204319192,1.7,0.0,7919.185713843692,1.717,0.0
Kyrgyz Republic,KGZ,64.97927250967052,Significant Increase,-0.07599999999999985,Improved,0.0,Stable,Improved Peace / Stable Terrorism,338.1141089459244,1.888,0.0,557.8181971915409,1.812,0.0
Latvia,LVA,70.01266490354979,Significant Increase,-0.05500000000000016,Improved,0.0,Stable,Improved Peace / Stable Terrorism,941.8391689024743,1.622,0.0,1601.245870156542,1.567,0.0
Lebanon,LBN,-29.277492348276553,Significant Decrease,0.137,Deteriorated,-0.8768241010185539,Improved,Deteriorated Peace / Improved Terrorism,1041.283069714309,2.379,0.8768241010185539,736.421498654803,2.516,0.0
Lesotho,LSO,-17.133031133732494,Significant Decrease,0.10199999999999987,Deteriorated,0.0,Stable,Deteriorated Peace / Stable Terrorism,44.95412920897535,2.04,0.0,37.25212425570327,2.142,0.0
Liberia,LBR,125.77684206876998,Significant Increase,0.12300000000000022,Deteriorated,0.0,Stable,Deteriorated Peace / Stable Terrorism,17.82966241893111,1.96,0.0,40.25524876098493,2.083,0.0
Lithuania,LTU,78.12455017682846,Significant Increase,-0.052000000000000046,Improved,0.0,Stable,Improved Peace / Stable Terrorism,1535.320565712504,1.68,0.0,2734.782851447736,1.628,0.0
Madagascar,MDG,11.143424143153972,Significant Increase,0.06000000000000005,Deteriorated,0.0,Stable,Deteriorated Peace / Stable Terrorism,99.50907181077048,1.788,0.0,110.5977897435603,1.848,0.0
Malawi,MWI,33.09519174908611,Significant Increase,-0.006000000000000005,Improved,0.0,Stable,Improved Peace / Stable Terrorism,96.07974586888602,1.872,0.0,127.8775219962285,1.866,0.0
Malaysia,MYS,32.65753196524457,Significant Increase,-0.02299999999999991,Improved,0.0,Stable,Improved Peace / Stable Terrorism,3426.960902732506,1.527,0.0,4546.121754978808,1.504,0.0
Mali,MLI,30.543276511947486,Significant Increase,0.3679999999999999,Deteriorated,-5.073269336896697,Improved,Deteriorated Peace / Improved Terrorism,676.3419730188941,2.572,18.605648490667424,882.9189720044162,2.94,13.532379153770727
Mauritania,MRT,37.09423795961509,Significant Increase,0.15300000000000002,Deteriorated,0.0,Stable,Deteriorated Peace / Stable Terrorism,229.640654560802,2.02,0.0,314.8241054156036,2.173,0.0
Mauritius,MUS,13.37589998971594,Significant Increase,0.08499999999999996,Deteriorated,0.0,Stable,Deteriorated Peace / Stable Terrorism,19.96408888833274,1.557,0.0,22.63446545189412,1.642,0.0
Mexico,MEX,15.810225303407254,Significant Increase,0.04499999999999993,Deteriorated,0.0,Stable,Deteriorated Peace / Stable Terrorism,11901.25819526364,2.66,0.0,13782.87392987504,2.705,0.0
Moldova,MDA,51.802211526366136,Significant Increase,-0.050999999999999934,Improved,0.0,Stable,Improved Peace / Stable Terrorism,67.63685261388717,1.878,0.0,102.6742380747095,1.827,0.0
Mongolia,MNG,85.99442862556407,Significant Increase,0.004999999999999893,Deteriorated,0.0,Stable,Deteriorated Peace / Stable Terrorism,114.9308586057996,1.717,0.0,213.7649937783119,1.722,0.0
Montenegro,MNE,59.15029773333485,Significant Increase,-0.2330000000000001,Improved,0.0,Stable,Improved Peace / Stable Terrorism,102.2802683805328,1.867,0.0,162.7793516500719,1.634,0.0
Morocco,MAR,10.037267161333782,Significant Increase,-0.06800000000000006,Improved,0.0,Stable,Improved Peace / Stable Terrorism,5345.223510077302,1.956,0.0,5881.737874154184,1.888,0.0
Mozambique,MOZ,8.65855437874492,Relatively Stable,0.2270000000000003,Deteriorated,-15.907807162259656,Improved,Deteriorated Peace / Improved Terrorism,410.1602848292875,2.179,18.32139151098465,445.6742361312464,2.406,2.4135843487249944
Namibia,NAM,-3.758927504597619,Relatively Stable,-0.008000000000000007,Improved,0.0,Stable,Improved Peace / Stable Terrorism,401.3623059910624,1.851,0.0,386.2753878780771,1.843,0.0
Nepal,NPL,-11.32675082520818,Significant Decrease,-0.08499999999999996,Improved,-0.17261275013054703,Improved,Improved Peace / Improved Terrorism,483.8182839388797,2.049,0.17261275013054703,429.0173924703246,1.964,0.0
Netherlands,NLD,79.24196694373443,Significant Increase,-0.07500000000000018,Improved,0.0,Stable,Improved Peace / Stable Terrorism,15060.83138264226,1.61,0.0,26995.33040832722,1.535,0.0
New Zealand,NZL,-8.951251778216642,Relatively Stable,-0.06199999999999983,Improved,0.0,Stable,Improved Peace / Stable Terrorism,3177.155675632756,1.41,0.0,2892.760471720968,1.348,0.0
Nicaragua,NIC,16.899805461833147,Significant Increase,-0.06499999999999995,Improved,0.0,Stable,Improved Peace / Stable Terrorism,98.0009554244153,2.124,0.0,114.5629262418793,2.059,0.0
Niger,NER,62.54000829619304,Significant Increase,0.30400000000000027,Deteriorated,14.134396467743546,Deteriorated,Deteriorated Peace / Deteriorated Terrorism,276.820486526574,2.449,11.04664284723762,449.9440417658553,2.753,25.181039314981167
Nigeria,NGA,15.3975591225113,Significant Increase,-0.04499999999999993,Improved,-0.8846028302609503,Improved,Improved Peace / Improved Terrorism,1521.855042308294,2.877,4.042128209755295,1756.183572206633,2.832,3.1575253794943445
North Macedonia,MKD,85.74280174566091,Significant Increase,0.06199999999999983,Deteriorated,0.0,Stable,Deteriorated Peace / Stable Terrorism,186.3300516593483,1.729,0.0,346.0946584462109,1.791,0.0
Norway,NOR,113.22202779390204,Significant Increase,0.15600000000000014,Deteriorated,0.0,Stable,Deteriorated Peace / Stable Terrorism,7543.971129165782,1.537,0.0,16085.40821779381,1.693,0.0
Oman,OMN,-8.015636741362197,Relatively Stable,-0.127,Improved,0.0,Stable,Improved Peace / Stable Terrorism,6452.070098044706,1.836,0.0,5934.895596687391,1.709,0.0
Pakistan,PAK,-0.20603234829874756,Relatively Stable,-0.014000000000000234,Improved,3.34368357134465,Deteriorated,Improved Peace / Deteriorated Terrorism,11503.05439269912,2.781,1.1191406211935124,11479.35437960776,2.767,4.462824192538163
Panama,PAN,,Relatively Stable,0.08599999999999985,Deteriorated,0.0,Stable,Deteriorated Peace / Stable Terrorism,0.0,1.836,0.0,0.0,1.922,0.0
Papua New Guinea,PNG,14.824017998311485,Significant Increase,0.2230000000000001,Deteriorated,0.0,Stable,Deteriorated Peace / Stable Terrorism,95.32479322013612,1.848,0.0,109.4557577239423,2.071,0.0
Paraguay,PRY,-0.4259097410511334,Relatively Stable,-0.030999999999999917,Improved,0.0,Stable,Improved Peace / Stable Terrorism,407.4942039175749,1.92,0.0,405.7586464088712,1.889,0.0
Peru,PER,-19.89177347804009,Significant Decrease,0.06599999999999984,Deteriorated,0.0,Stable,Deteriorated Peace / Stable Terrorism,3030.00705806535,2.044,0.0,2427.284917706364,2.11,0.0
Philippines,PHL,28.83390881126367,Significant Increase,-0.09999999999999964,Improved,-0.7887395888085266,Improved,Improved Peace / Improved Terrorism,4889.779723726297,2.163,0.8743655853131707,6299.694350337198,2.063,0.08562599650464407
Poland,POL,127.52517925336984,Significant Increase,0.125,Deteriorated,0.0,Stable,Deteriorated Peace / Stable Terrorism,18691.61958106226,1.651,0.0,42528.14095716988,1.776,0.0
Portugal,PRT,50.962272719653434,Significant Increase,0.05400000000000005,Deteriorated,0.0,Stable,Deteriorated Peace / Stable Terrorism,3646.484561627889,1.393,0.0,5504.815968604753,1.447,0.0
Romania,ROU,35.381497422808586,Significant Increase,0.20099999999999985,Deteriorated,0.0,Stable,Deteriorated Peace / Stable Terrorism,6504.460649029589,1.56,0.0,8805.836225933592,1.761,0.0
Russia,RUS,135.59105004481552,Significant Increase,0.5380000000000003,Deteriorated,0.014517564479378138,Deteriorated,Deteriorated Peace / Deteriorated Terrorism,67165.6897219991,2.852,0.048194380992334425,158236.3536859004,3.39,0.06271194547171256
Rwanda,RWA,26.52887064269944,Significant Increase,-0.050000000000000266,Improved,0.0,Stable,Improved Peace / Stable Terrorism,153.3434299276665,2.184,0.0,194.0237100922556,2.134,0.0
Saudi Arabia,SAU,14.834057176307743,Significant Increase,-0.2589999999999999,Improved,0.0,Stable,Improved Peace / Stable Terrorism,70946.4604791991,2.295,0.0,81470.69899125007,2.036,0.0
Senegal,SEN,35.68798828626239,Significant Increase,0.10699999999999998,Deteriorated,0.0,Stable,Deteriorated Peace / Stable Terrorism,392.6946781189641,1.866,0.0,532.8395088468358,1.973,0.0
Serbia,SRB,52.36225706350738,Significant Increase,0.06699999999999995,Deteriorated,0.0,Stable,Deteriorated Peace / Stable Terrorism,1676.277020498554,1.855,0.0,2554.013503068509,1.922,0.0
Sierra Leone,SLE,-22.552600883248342,Significant Decrease,-0.051999999999999824,Improved,0.0,Stable,Improved Peace / Stable Terrorism,38.12597423267061,2.013,0.0,29.5275754311263,1.961,0.0
Singapore,SGP,43.34306640531317,Significant Increase,0.03299999999999992,Deteriorated,0.0,Stable,Deteriorated Peace / Stable Terrorism,11790.26824179325,1.401,0.0,16900.53203519825,1.434,0.0
Slovakia,SVK,16.20557925987087,Significant Increase,0.07200000000000006,Deteriorated,0.0,Stable,Deteriorated Peace / Stable Terrorism,2470.71301385525,1.555,0.0,2871.106369599507,1.627,0.0
Slovenia,SVN,72.54737893284342,Significant Increase,0.08200000000000007,Deteriorated,0.0,Stable,Deteriorated Peace / Stable Terrorism,662.9235654632765,1.319,0.0,1143.857236535036,1.401,0.0
Somalia,SOM,56.70659853684824,Significant Increase,-0.042999999999999705,Improved,-24.168991942915156,Improved,Improved Peace / Improved Terrorism,122.8648720030184,2.888,40.297417764290856,192.5373617125825,2.845,16.1284258213757
South Africa,ZAF,-16.73918242387508,Significant Decrease,-0.0479999999999996,Improved,0.0,Stable,Improved Peace / Stable Terrorism,3598.798573972549,2.272,0.0,2996.389115607469,2.224,0.0
South Sudan,SSD,1090.9933354491704,Significant Increase,-0.13400000000000034,Improved,0.0,Stable,Improved Peace / Stable Terrorism,8.615837392099445,3.216,0.0,102.614049133042,3.082,0.0
Spain,ESP,91.32572428178723,Significant Increase,-0.04400000000000004,Improved,0.0,Stable,Improved Peace / Stable Terrorism,19701.91164933997,1.696,0.0,37694.82516045751,1.652,0.0
Sri Lanka,LKA,-19.70809918464159,Significant Decrease,-0.10099999999999998,Improved,0.0,Stable,Improved Peace / Stable Terrorism,1697.421393424009,2.056,0.0,1362.89190162668,1.955,0.0
Sweden,SWE,121.43484890041643,Significant Increase,0.20600000000000018,Deteriorated,0.09436971411638806,Deteriorated,Deteriorated Peace / Deteriorated Terrorism,6753.260127256794,1.517,0.0,14954.07135864315,1.723,0.09436971411638806
Switzerland,CHE,9.591808784475852,Relatively Stable,-0.1180000000000001,Improved,-0.11576530067084834,Improved,Improved Peace / Improved Terrorism,6526.097572696175,1.465,0.11576530067084834,7152.068372957512,1.347,0.0
Tajikistan,TJK,139.1762184181996,Significant Increase,-0.25299999999999967,Improved,0.46353233518134407,Deteriorated,Improved Peace / Deteriorated Terrorism,91.8842958887564,2.002,0.0,219.7653842269168,1.749,0.46353233518134407
Tanzania,TZA,40.944867426536,Significant Increase,0.06399999999999983,Deteriorated,-0.360816638265477,Improved,Deteriorated Peace / Improved Terrorism,697.7020411904509,1.874,0.360816638265477,983.3752169881167,1.938,0.0
Thailand,THA,-21.903663900623688,Significant Decrease,-0.10599999999999987,Improved,0.1257224566578432,Deteriorated,Improved Peace / Deteriorated Terrorism,7126.915581250103,2.146,0.19541750419352005,5565.859945851899,2.04,0.32113996085136326
Timor Leste,TLS,0.5848252465610574,Relatively Stable,0.01100000000000012,Deteriorated,0.0,Stable,Deteriorated Peace / Stable Terrorism,47.21912663324838,1.64,0.0,47.49527600700525,1.651,0.0
Togo,TGO,1.2307315600398698,Relatively Stable,0.278,Deteriorated,0.0,Stable,Deteriorated Peace / Stable Terrorism,189.5733262836635,2.069,0.0,191.9064650396539,2.347,0.0
Trinidad and Tobago,TTO,17.526110173701102,Significant Increase,-0.013000000000000123,Improved,0.0,Stable,Improved Peace / Stable Terrorism,193.8074779369739,1.899,0.0,227.7743900450794,1.886,0.0
Tunisia,TUN,-3.515638382335141,Relatively Stable,0.01200000000000001,Deteriorated,-0.25054165016919494,Improved,Deteriorated Peace / Improved Terrorism,1399.891776308676,2.037,0.25054165016919494,1350.676643709615,2.049,0.0
Türkiye,TUR,57.901940587218725,Significant Increase,0.020999999999999908,Deteriorated,-0.20387438076154996,Improved,Deteriorated Peace / Improved Terrorism,16980.77553788258,2.694,0.20387438076154996,26812.97410107632,2.715,0.0
Uganda,UGA,3.1257326394453133,Relatively Stable,-0.01399999999999979,Improved,0.03892194464777917,Deteriorated,Improved Peace / Deteriorated Terrorism,1161.647802234019,2.351,0.0,1197.957806743847,2.337,0.03892194464777917
Ukraine,UKR,968.7106003186658,Significant Increase,0.7549999999999999,Deteriorated,0.10261573669787075,Deteriorated,Deteriorated Peace / Deteriorated Terrorism,7256.958757801171,2.548,0.0,77555.88750537488,3.303,0.10261573669787075
United Kingdom,GBR,23.99373297463421,Significant Increase,-0.15900000000000003,Improved,-0.016168192221707643,Improved,Improved Peace / Improved Terrorism,70958.87028973651,1.838,0.04495055439017081,87984.55214887294,1.679,0.028782362168463166
United States of America,USA,-1.5139895663871206,Relatively Stable,0.04500000000000037,Deteriorated,0.07589111913611174,Deteriorated,Deteriorated Peace / Deteriorated Terrorism,943446.5779925706,2.393,0.006031761373483214,929162.8952373267,2.438,0.08192288050959495
Uruguay,URY,28.45100064837414,Significant Increase,-0.04500000000000015,Improved,0.0,Stable,Improved Peace / Stable Terrorism,1486.6124962168,1.796,0.0,1909.568627154253,1.751,0.0
Viet Nam,VNM,41.2147296714274,Significant Increase,-0.22599999999999998,Improved,0.0,Stable,Improved Peace / Stable Terrorism,7728.869598429475,1.964,0.0,10914.30231007932,1.738,0.0
Zambia,ZMB,33.902076562638364,Significant Increase,0.15500000000000003,Deteriorated,0.0,Stable,Deteriorated Peace / Stable Terrorism,255.961924940179,1.798,0.0,342.7383327046014,1.953,0.0
Zimbabwe,ZWE,26.525916794353215,Significant Increase,-0.14400000000000013,Improved,0.0,Stable,Improved Peace / Stable Terrorism,105.5068768775779,2.213,0.0,133.4935432504449,2.069,0.0
